,arma_pq_mse,random_forest_mse,ols_adj_r2
carbon_news_mentions_sma_30,0.0007402748649233892,0.0007574543045053425,0.12693119009581844
