,arma_pq_mse,random_forest_mse,ols_adj_r2
cp_news_signal,0.0007574739214154016,0.0007776811058593059,0.13150967452344886
