,emissions,fossil_fuel,gas,policy,renewables
20210929,0.0,1.523000020837618,3.175397932043973,0.0,0.0
20220919,0.0,0.0,0.0,0.0,0.0
20220922,0.0,0.0,0.0,0.6623100641135267,0.0
20220923,0.0,0.0,0.0,0.6623100641135267,0.0
20220926,0.0,5.582493279063704,4.635603017036247,3.2174897043452364,2.0911152936397555
20220928,0.0,0.0,0.0,0.0,0.0
20220929,0.0,4.479632743379177,4.698397952881591,2.3743567436972177,3.115544525673313
20220930,4.5690000625128535,5.304444805345356,5.764445124612897,3.475755207891962,3.89230396803856
